{"cameraMode":{"drawMode":0,"name":"Shaded","section":"Shading Mode"},"sceneLighting":false,"audioPlay":false,"sceneViewState":{"showFog":true,"showMaterialUpdate":false,"showSkybox":true,"showFlares":true,"showImageEffects":true,"showParticleSystems":true},"in2DMode":false,"pivot":{"x":174.88272094726563,"y":3348.877197265625,"z":19.231510162353517},"rotation":{"x":-0.03006695955991745,"y":-0.9479718208312988,"z":0.302616685628891,"w":-0.09417349100112915},"size":498.39178466796877,"orthographic":true}