{"cameraMode":{"drawMode":0,"name":"Shaded","section":"Shading Mode"},"sceneLighting":false,"audioPlay":false,"sceneViewState":{"showFog":true,"showMaterialUpdate":false,"showSkybox":false,"showFlares":true,"showImageEffects":true,"showParticleSystems":true},"in2DMode":false,"pivot":{"x":0.0017941594123840333,"y":0.5690697431564331,"z":0.4496668577194214},"rotation":{"x":-0.1675596535205841,"y":-0.6749845743179321,"z":0.16153499484062196,"w":-0.7001614570617676},"size":5.180441379547119,"orthographic":true}